{
    "info": {
        "_postman_id": "f39db98e-5694-437b-897d-dffa3ccf6dc4",
        "name": "Webserver API",
        "schema": "https://schema.getpostman.com/json/collection/v2.1.0/collection.json",
        "_exporter_id": "7292954",
        "_collection_link": "https://dr-rd4.postman.co/workspace/b0d2457d-0977-4d97-837e-8d2e55398567/collection/7292954-f39db98e-5694-437b-897d-dffa3ccf6dc4?action=share&source=collection_link&creator=7292954"
    },
    "item": [
        {
            "name": "Get all datasets",
            "request": {
                "method": "GET",
                "header": [],
                "url": {
                    "raw": "{{baseUrl}}/datasets",
                    "host": [
                        "{{baseUrl}}"
                    ],
                    "path": [
                        "datasets"
                    ]
                },
                "description": "Returns a JSON list of all available datasets with metadata"
            },
            "response": []
        },
        {
            "name": "Get dataset by ID",
            "request": {
                "method": "GET",
                "header": [],
                "url": {
                    "raw": "{{baseUrl}}/datasets/:dataset_id",
                    "host": [
                        "{{baseUrl}}"
                    ],
                    "path": [
                        "datasets",
                        ":dataset_id"
                    ],
                    "variable": [
                        {
                            "key": "dataset_id",
                            "value": "1"
                        }
                    ]
                }
            },
            "response": []
        },
        {
            "name": "Get dataset info",
            "request": {
                "method": "GET",
                "header": [],
                "url": {
                    "raw": "{{baseUrl}}/datasets/:id/info",
                    "host": [
                        "{{baseUrl}}"
                    ],
                    "path": [
                        "datasets",
                        ":id",
                        "info"
                    ],
                    "variable": [
                        {
                            "key": "id",
                            "value": "1"
                        }
                    ]
                }
            },
            "response": []
        },
        {
            "name": "Start new acquisition",
            "request": {
                "method": "POST",
                "header": [
                    {
                        "key": "Content-Type",
                        "value": "application/json"
                    }
                ],
                "body": {
                    "mode": "raw",
                    "raw": "{\n    \"datasetname\": \"example_name\",\n    \"description\": \"example_desc\",\n    \"interval\": 5\n}"
                },
                "url": {
                    "raw": "{{baseUrl}}/datasets/start",
                    "host": [
                        "{{baseUrl}}"
                    ],
                    "path": [
                        "datasets",
                        "start"
                    ]
                }
            },
            "response": []
        },
        {
            "name": "Stop current acquisition",
            "request": {
                "method": "PUT",
                "header": [],
                "url": {
                    "raw": "{{baseUrl}}/datasets/stop",
                    "host": [
                        "{{baseUrl}}"
                    ],
                    "path": [
                        "datasets",
                        "stop"
                    ]
                },
                "description": "Stops the current acquisition process."
            },
            "response": []
        },
        {
            "name": "Get camera parameters",
            "request": {
                "method": "GET",
                "header": [],
                "url": {
                    "raw": "{{baseUrl}}/camera/settings",
                    "host": [
                        "{{baseUrl}}"
                    ],
                    "path": [
                        "camera",
                        "settings"
                    ]
                },
                "description": "Returns or updates the current camera parameters."
            },
            "response": []
        },
        {
            "name": "Set camera parameters",
            "request": {
                "method": "PUT",
                "header": [
                    {
                        "key": "Content-Type",
                        "value": "application/json"
                    }
                ],
                "body": {
                    "mode": "raw",
                    "raw": "{\n    \"resolution\": \"1920x1080\",\n    \"fps\": 30,\n    \"iso\": 200\n}"
                },
                "url": {
                    "raw": "{{baseUrl}}/camera/settings",
                    "host": [
                        "{{baseUrl}}"
                    ],
                    "path": [
                        "camera",
                        "settings"
                    ]
                },
                "description": "Returns or updates the current camera parameters."
            },
            "response": []
        },
        {
            "name": "Capture image from camera",
            "request": {
                "method": "GET",
                "header": [],
                "url": {
                    "raw": "{{baseUrl}}/camera/capture",
                    "host": [
                        "{{baseUrl}}"
                    ],
                    "path": [
                        "camera",
                        "capture"
                    ]
                },
                "description": "Captures an image using the camera."
            },
            "response": []
        },
        {
            "name": "Get lighting intensity",
            "request": {
                "method": "GET",
                "header": [],
                "url": {
                    "raw": "{{baseUrl}}/camera/lights",
                    "host": [
                        "{{baseUrl}}"
                    ],
                    "path": [
                        "camera",
                        "lights"
                    ]
                },
                "description": "Gets or sets the lighting intensity."
            },
            "response": []
        },
        {
            "name": "Set lighting intensity",
            "request": {
                "method": "PUT",
                "header": [],
                "body": {
                    "mode": "raw",
                    "raw": "{\r\n    \"intensity\": \"56\",\r\n    \"other\": \"other_value\"\r\n}",
                    "options": {
                        "raw": {
                            "language": "json"
                        }
                    }
                },
                "url": {
                    "raw": "{{baseUrl}}/camera/lights/",
                    "host": [
                        "{{baseUrl}}"
                    ],
                    "path": [
                        "camera",
                        "lights",
                        ""
                    ]
                }
            },
            "response": []
        },
        {
            "name": "Get flash intensity",
            "request": {
                "method": "GET",
                "header": [],
                "url": {
                    "raw": "{{baseUrl}}/camera/flash",
                    "host": [
                        "{{baseUrl}}"
                    ],
                    "path": [
                        "camera",
                        "flash"
                    ]
                },
                "description": "Gets or sets the flash intensity."
            },
            "response": []
        },
        {
            "name": "Set flash intensity",
            "request": {
                "method": "PUT",
                "header": [],
                "body": {
                    "mode": "raw",
                    "raw": "{\r\n    \"intensity\": \"56\"\r\n}",
                    "options": {
                        "raw": {
                            "language": "json"
                        }
                    }
                },
                "url": {
                    "raw": "{{baseUrl}}/camera/flash/",
                    "host": [
                        "{{baseUrl}}"
                    ],
                    "path": [
                        "camera",
                        "flash",
                        ""
                    ]
                }
            },
            "response": []
        },
        {
            "name": "Get installed plugins",
            "request": {
                "method": "GET",
                "header": [],
                "url": {
                    "raw": "{{baseUrl}}/plugins",
                    "host": [
                        "{{baseUrl}}"
                    ],
                    "path": [
                        "plugins"
                    ]
                },
                "description": "Returns a list of installed plugins."
            },
            "response": []
        },
        {
            "name": "Restart system",
            "request": {
                "method": "POST",
                "header": [],
                "url": {
                    "raw": "{{baseUrl}}/system/restart",
                    "host": [
                        "{{baseUrl}}"
                    ],
                    "path": [
                        "system",
                        "restart"
                    ]
                },
                "description": "Restarts the system."
            },
            "response": []
        },
        {
            "name": "Reboot system",
            "request": {
                "method": "POST",
                "header": [],
                "url": {
                    "raw": "{{baseUrl}}/system/reboot",
                    "host": [
                        "{{baseUrl}}"
                    ],
                    "path": [
                        "system",
                        "reboot"
                    ]
                },
                "description": "Reboots the system."
            },
            "response": []
        }
    ]
}